{
  "K": [
    [
      2202.9071700822983,
      0.0,
      960.0
    ],
    [
      0.0,
      2202.9071700822983,
      540.0
    ],
    [
      0.0,
      0.0,
      1.0
    ]
  ],
  "H_img2lane": [
    [
      -0.00673553246754326,
      0.0029935699855747834,
      7.9651413391181
    ],
    [
      -0.011883128719493288,
      0.004884476222122957,
      14.35292402476323
    ],
    [
      -0.000818673346386161,
      0.00036232707839080623,
      1.0
    ]
  ],
  "H_lane2img": [
    [
      -118.19157047202688,
      -40.24179568598629,
      1519.0
    ],
    [
      49.66369534909858,
      -80.3026861210461,
      757.0000000000005
    ],
    [
      -0.11475479015090609,
      -0.003849047889663959,
      0.9999999999999999
    ]
  ],
  "vp_lane": [
    776.7126895450917,
    215.1613229834627
  ],
  "vp_width": [
    1001.9926750306995,
    200.0
  ],
  "image_size": [
    1920,
    1080
  ]
}