{
  "K": [
    [
      2202.9071700822983,
      0.0,
      960.0
    ],
    [
      0.0,
      2202.9071700822983,
      540.0
    ],
    [
      0.0,
      0.0,
      1.0
    ]
  ],
  "H_img2lane": [
    [
      -0.0013067819828528995,
      0.0007217883153389211,
      1.0499999523162824
    ],
    [
      -0.005687613483017423,
      0.004102128308547965,
      4.221291360946582
    ],
    [
      -0.0012445543259027392,
      0.0006874174743976591,
      1.0
    ]
  ],
  "H_lane2img": [
    [
      -956.1905196140144,
      7.885423066183185e-13,
      1003.9999999999999
    ],
    [
      -345.7143014142302,
      2.2326164564586723e-13,
      363.00000000000017
    ],
    [
      -0.9523809956314891,
      7.53450829144952e-16,
      1.0
    ]
  ],
  "vp_lane": [
    1180.2038763006572,
    338.0
  ],
  "vp_width": [
    1513.6540002763577,
    301.213133640553
  ],
  "image_size": [
    1920,
    1080
  ]
}