{
  "K": [
    [
      2202.9071700822983,
      0.0,
      960.0
    ],
    [
      0.0,
      2202.9071700822983,
      540.0
    ],
    [
      0.0,
      0.0,
      1.0
    ]
  ],
  "H_img2lane": [
    [
      -0.0013569090721807994,
      -0.0006904981077369716,
      0.9731527052343262
    ],
    [
      0.0014205225840968655,
      0.0016285789221716584,
      -1.8538393670982913
    ],
    [
      -0.0012894499016819442,
      -0.0008005539763443291,
      1.0
    ]
  ],
  "H_lane2img": [
    [
      -117.56266716872156,
      72.06318669308585,
      248.00000000000009
    ],
    [
      -789.2089059104263,
      83.05963340246795,
      922.0
    ],
    [
      -0.7833954974151255,
      0.15941558879033504,
      1.0
    ]
  ],
  "vp_lane": [
    854.6777379327991,
    -359.471959325115
  ],
  "vp_width": [
    1010.0,
    508.0
  ],
  "image_size": [
    1920,
    1080
  ]
}