{
  "K": [
    [
      4280.574362461725,
      0.0,
      960.0
    ],
    [
      0.0,
      4280.574362461725,
      540.0
    ],
    [
      0.0,
      0.0,
      1.0
    ]
  ],
  "H_img2lane": [
    [
      -0.00024269321675186097,
      -0.004732517726661295,
      3.8298203069527474
    ],
    [
      0.016754183283042744,
      0.023804210902144875,
      -35.698105144578605
    ],
    [
      -9.352792026815568e-06,
      -0.00025915069599935167,
      1.0
    ]
  ],
  "H_lane2img": [
    [
      197.967039993078,
      50.87603900871565,
      1058.0000000000002
    ],
    [
      -223.36799983986387,
      -2.8141354086796775,
      755.0000000000001
    ],
    [
      -0.056034428069263786,
      -0.00025345213779906587,
      1.0
    ]
  ],
  "vp_lane": [
    1046.7027467122155,
    460.8539246660865
  ],
  "vp_width": [
    -200732.33333333334,
    11103.222222222223
  ],
  "image_size": [
    1920,
    1080
  ]
}